﻿<?xml version="1.0" encoding="UTF-8"?>
<component type="desktop-application">
  <id>io.github.masterbillwoo.RiseOfThePenguinsGB</id>

  <name>Rise of the Penguins GB</name>
  <summary>Retro penguin platformer for Gameboy</summary>

  <metadata_license>CC0-1.0</metadata_license>
  <project_license>LicenseRef-proprietary</project_license>

  <developer id="io.github.masterbillwoo">
    <name>billwoo</name>
  </developer>

  <branding>
    <color type="primary" scheme_preference="light">#7c4dff</color>
    <color type="primary" scheme_preference="dark">#512da8</color>
  </branding>

  <description>
    <p>
      Rise of the Penguins is a 2D side-scrolling action-platformer for Gameboy.
      The game is meant to be simple and linear but with some challenging enemies.
      Inspired by Ghost n Goblins and a bit of Mega Man.
    </p>
    <p>Features:</p>
    <ul>
      <li>6 levels with a variety of enemies in each level</li>
      <li>2 extra levels</li>
      <li>Boss Rush Mode - unlocked after beating all 6 levels</li>
      <li>6 mini boss enemies and 8 boss enemies plus a final boss</li>
      <li>6 difficulty settings to adjust checkpoints</li>
      <li>Basic HUD showing highscore, health and time remaining</li>
      <li>Minimal story with no text - engaging gameplay keeps you playing</li>
    </ul>
  </description>

  <launchable type="desktop-id">io.github.masterbillwoo.RiseOfThePenguinsGB.desktop</launchable>
  <screenshots>
    <screenshot type="default">
      <image>https://raw.githubusercontent.com/masterbillwoo/rise-of-the-penguins-gb-flathub/main/screenshots/screenshot-1.png</image>
      <caption>Gameplay screenshot</caption>
    </screenshot>
  </screenshots>

  <url type="homepage">https://github.com/masterbillwoo/rise-of-the-penguins-gb-flathub</url>
  <url type="bugtracker">https://github.com/masterbillwoo/rise-of-the-penguins-gb-flathub/issues</url>
  <url type="donation">https://ko-fi.com/pwoowoo</url>

  <content_rating type="oars-1.1">
    <content_attribute id="violence-cartoon">mild</content_attribute>
  </content_rating>

  <releases>
    <release version="1.0.0" date="2024-12-06">
      <description>
        <p>Initial release</p>
      </description>
    </release>
  </releases>

  <supports>
    <control>pointing</control>
    <control>keyboard</control>
    <control>gamepad</control>
  </supports>

  <requires>
    <display_length compare="ge">360</display_length>
  </requires>
</component>
